{
    "apple": {
        "K": 199.89,
        "N": 20.8,
        "P": 134.22,
        "humidity": 92.3333828756,
        "ph": 5.9296629318,
        "rainfall": 112.654779275,
        "temperature": 22.6309424132
    },
    "banana": {
        "K": 50.05,
        "N": 100.23,
        "P": 82.01,
        "humidity": 80.3581225811,
        "ph": 5.9838931802,
        "rainfall": 104.6269804001,
        "temperature": 27.3767983057
    },
    "blackgram": {
        "K": 19.24,
        "N": 40.02,
        "P": 67.47,
        "humidity": 65.1184255887,
        "ph": 7.1339516295,
        "rainfall": 67.8841511832,
        "temperature": 29.9733396789
    },
    "chickpea": {
        "K": 79.92,
        "N": 40.09,
        "P": 67.79,
        "humidity": 16.8604394237,
        "ph": 7.3369566237,
        "rainfall": 80.0589772605,
        "temperature": 18.8728467519
    },
    "coconut": {
        "K": 30.59,
        "N": 21.98,
        "P": 16.93,
        "humidity": 94.8442718061,
        "ph": 5.9765621262,
        "rainfall": 175.686645804,
        "temperature": 27.4098921723
    },
    "coffee": {
        "K": 29.94,
        "N": 101.2,
        "P": 28.74,
        "humidity": 58.8698463003,
        "ph": 6.7903082746,
        "rainfall": 158.066294882,
        "temperature": 25.5404768193
    },
    "cotton": {
        "K": 19.56,
        "N": 117.77,
        "P": 46.24,
        "humidity": 79.8434742538,
        "ph": 6.9126754958,
        "rainfall": 80.3980431193,
        "temperature": 23.9889578952
    },
    "grapes": {
        "K": 200.11,
        "N": 23.18,
        "P": 132.53,
        "humidity": 81.8752275212,
        "ph": 6.0259366811,
        "rainfall": 69.611828886,
        "temperature": 23.84957512
    },
    "jute": {
        "K": 39.99,
        "N": 78.4,
        "P": 46.86,
        "humidity": 79.6398642063,
        "ph": 6.7327775682,
        "rainfall": 174.792797536,
        "temperature": 24.9583758265
    },
    "kidneybeans": {
        "K": 20.05,
        "N": 20.75,
        "P": 67.54,
        "humidity": 21.6053567295,
        "ph": 5.7494105859,
        "rainfall": 105.9197775421,
        "temperature": 20.1150846851
    },
    "lentil": {
        "K": 19.41,
        "N": 18.77,
        "P": 68.36,
        "humidity": 64.8047846785,
        "ph": 6.9279315716,
        "rainfall": 45.680454204,
        "temperature": 24.5090524026
    },
    "maize": {
        "K": 19.79,
        "N": 77.76,
        "P": 48.44,
        "humidity": 65.0922494467,
        "ph": 6.2451897224,
        "rainfall": 84.766987663,
        "temperature": 22.3892039102
    },
    "mango": {
        "K": 29.92,
        "N": 20.07,
        "P": 27.18,
        "humidity": 50.1565726953,
        "ph": 5.7663727997,
        "rainfall": 94.7045150448,
        "temperature": 31.2087701513
    },
    "mothbeans": {
        "K": 20.23,
        "N": 21.44,
        "P": 48.01,
        "humidity": 53.1604180279,
        "ph": 6.8311740827,
        "rainfall": 51.1984870457,
        "temperature": 28.1949204842
    },
    "mungbean": {
        "K": 19.87,
        "N": 20.99,
        "P": 47.28,
        "humidity": 85.499974543,
        "ph": 6.7239569404,
        "rainfall": 48.4036009029,
        "temperature": 28.5257747353
    },
    "muskmelon": {
        "K": 50.08,
        "N": 100.32,
        "P": 17.72,
        "humidity": 92.3428019609,
        "ph": 6.3588054518,
        "rainfall": 24.689952066,
        "temperature": 28.663065756
    },
    "orange": {
        "K": 10.01,
        "N": 19.58,
        "P": 16.55,
        "humidity": 92.1702087634,
        "ph": 7.0169574528,
        "rainfall": 110.47496872,
        "temperature": 22.7657254967
    },
    "papaya": {
        "K": 50.04,
        "N": 49.88,
        "P": 59.05,
        "humidity": 92.4033876826,
        "ph": 6.7414423727,
        "rainfall": 142.6278388629,
        "temperature": 33.7238587388
    },
    "pigeonpeas": {
        "K": 20.29,
        "N": 20.73,
        "P": 67.73,
        "humidity": 48.0616330847,
        "ph": 5.7941748798,
        "rainfall": 149.4575638135,
        "temperature": 27.7417622259
    },
    "pomegranate": {
        "K": 40.21,
        "N": 18.87,
        "P": 18.75,
        "humidity": 90.1255037895,
        "ph": 6.4291718412,
        "rainfall": 107.528442397,
        "temperature": 21.837841722
    },
    "rice": {
        "K": 39.87,
        "N": 79.89,
        "P": 47.58,
        "humidity": 82.2728215389,
        "ph": 6.4254709221,
        "rainfall": 236.181113594,
        "temperature": 23.6893322105
    },
    "watermelon": {
        "K": 50.22,
        "N": 99.42,
        "P": 17.0,
        "humidity": 85.1603752936,
        "ph": 6.4957783016,
        "rainfall": 50.7862189449,
        "temperature": 25.5917672375
    }
}